mes,anio,mesanio,factor,factor2,m,n,o,p
12,2001,122001,95.10000,-0.105042016907979,-0.105042%,